Fecha,Set1,Set2
2023-01-01 00:00:00,2.5735246894210624,3.1308623194522838
2023-01-01 01:00:00,10.038196766200233,6.499460578635658
2023-01-01 02:00:00,6.356871404135337,6.63277509356606
2023-01-01 03:00:00,5.581570191760041,8.527606431140592
2023-01-01 04:00:00,9.477754803068613,6.155951997621353
2023-01-01 05:00:00,12.93806093849989,6.591128940485843
2023-01-01 06:00:00,4.849315131255697,6.781654900207381
2023-01-01 07:00:00,8.537447127114872,7.971190515253493
2023-01-01 08:00:00,8.280832212285468,9.300027790354562
2023-01-01 09:00:00,2.3663990311366674,7.917032968807346
2023-01-01 10:00:00,8.64118445239166,7.024879458204444
2023-01-01 11:00:00,7.711566830016311,7.019550905465615
2023-01-01 12:00:00,11.918873680658177,9.210967950529646
2023-01-01 13:00:00,9.658976914962608,6.237144382369715
2023-01-01 14:00:00,4.8495019279122475,6.372599950645839
2023-01-01 15:00:00,8.173937074804428,8.103435658989063
2023-01-01 16:00:00,2.6770967428859906,6.062604184200678
2023-01-01 17:00:00,6.358454704682218,9.222647892513235
2023-01-01 18:00:00,9.065133573862509,7.008470240640782
2023-01-01 19:00:00,3.467199785596375,4.964675140358212
2023-01-01 20:00:00,3.429174539912357,4.782058973696109
2023-01-01 21:00:00,4.246009664234971,7.021156539856033
2023-01-01 22:00:00,8.871906581915043,6.670177106118706
2023-01-01 23:00:00,4.023145618127142,7.159214463351032
2023-01-02 00:00:00,2.532106795664527,7.2710271222024465
2023-01-02 01:00:00,7.176076504679802,7.970789573271533
2023-01-02 02:00:00,2.0417220226702226,4.596040933199406
2023-01-02 03:00:00,8.439995800941906,9.377761188354441
2023-01-02 04:00:00,2.3414683475005016,6.6774354780891
2023-01-02 05:00:00,8.346983667463082,6.24213061971442
2023-01-02 06:00:00,6.9308258677137955,5.05445899731453
2023-01-02 07:00:00,9.275802662769541,3.932721199243549
2023-01-02 08:00:00,7.774288105113732,8.167787252812973
2023-01-02 09:00:00,1.5304360098756724,8.096928084713783
2023-01-02 10:00:00,9.303053473397709,6.495502514604721
2023-01-02 11:00:00,3.1875698792188834,6.783157044209761
2023-01-02 12:00:00,11.546899240426464,10.62998595753217
2023-01-02 13:00:00,4.1287628812462565,9.775694198463174
2023-01-02 14:00:00,6.564433413490731,6.186399276245701
2023-01-02 15:00:00,8.999273979118389,8.77791788450621
2023-01-02 16:00:00,1.7221611427849153,8.319674716438461
2023-01-02 17:00:00,6.539599044269834,8.527068510761854
2023-01-02 18:00:00,3.8586233668032373,9.450751584957384
2023-01-02 19:00:00,5.974411948594719,7.000175735763342
2023-01-02 20:00:00,8.883885813617592,5.3237951682742715
2023-01-02 21:00:00,6.683046800298182,10.60328843450864
2023-01-02 22:00:00,8.194981467390837,4.720911180843014
2023-01-02 23:00:00,7.735016645067063,4.363464788354671
2023-01-03 00:00:00,1.9922680540681847,10.546876600810359
2023-01-03 01:00:00,4.847737223357346,4.777737357603011
2023-01-03 02:00:00,3.5762886423698887,8.134924128351752
2023-01-03 03:00:00,7.69239299691117,4.719819988693356
2023-01-03 04:00:00,5.994099268177587,8.146427130176422
2023-01-03 05:00:00,3.720253899623165,8.266166158079532
2023-01-03 06:00:00,6.902782634682801,8.79857136686529
2023-01-03 07:00:00,8.689370995041434,8.507465716606678
2023-01-03 08:00:00,3.3696119111765874,5.373596038743227
2023-01-03 09:00:00,8.29574426987252,8.593069371430607
2023-01-03 10:00:00,6.471531531486705,6.523199295175799
2023-01-03 11:00:00,18.26809703000589,7.179499160779854
2023-01-03 12:00:00,6.310104879357553,5.637660570920752
2023-01-03 13:00:00,7.161624240007326,4.94313651530171
2023-01-03 14:00:00,4.601508122092434,9.91377145178067
2023-01-03 15:00:00,3.9281151652563873,7.302120259725606
2023-01-03 16:00:00,7.401335580165725,5.5473559696922905
2023-01-03 17:00:00,1.7682781760070796,7.806171619380198
2023-01-03 18:00:00,12.729470766674613,8.090852911182946
2023-01-03 19:00:00,5.284669563300644,7.789251473661776
2023-01-03 20:00:00,6.2052793420539505,4.748487143401311
2023-01-03 21:00:00,1.2178369672952016,5.054082194658084
2023-01-03 22:00:00,4.79691185881881,8.976222875240033
2023-01-03 23:00:00,4.607560829830852,7.973203768806515
2023-01-04 00:00:00,4.741681957189079,7.99863550403046
2023-01-04 01:00:00,5.375333812544673,6.457920512031911
2023-01-04 02:00:00,10.722179742296104,9.669678791474535
2023-01-04 03:00:00,2.9978094965909197,8.587928430003432
2023-01-04 04:00:00,3.4840253605507727,5.29077574159477
2023-01-04 05:00:00,7.459943452725059,7.250781619897147
2023-01-04 06:00:00,8.794023343427478,8.475946632318191
2023-01-04 07:00:00,5.899806919832441,5.031856416199511
2023-01-04 08:00:00,10.37096538685429,9.043570975343794
2023-01-04 09:00:00,2.5962583255425953,9.806501810214465
2023-01-04 10:00:00,11.408184303292073,4.791689907739791
2023-01-04 11:00:00,7.473870354988808,8.149953543954306
2023-01-04 12:00:00,3.5546206807023575,9.210692457985564
2023-01-04 13:00:00,10.352874260463821,6.634046599870871
2023-01-04 14:00:00,5.272913276048037,5.632213154070496
2023-01-04 15:00:00,1.3686249842211498,9.11490092656897
2023-01-04 16:00:00,2.0068320804004918,4.96702986151622
2023-01-04 17:00:00,3.3786357792401684,8.397897502767776
2023-01-04 18:00:00,4.330677275797103,6.463764465826323
2023-01-04 19:00:00,2.0960903942662337,8.932670890147406
2023-01-04 20:00:00,4.873295620545333,5.896343278304296
2023-01-04 21:00:00,3.3922922540691247,8.57381516807157
2023-01-04 22:00:00,7.886891583766942,4.606500792766813
2023-01-04 23:00:00,4.082100769144784,7.500699101874038
2023-01-05 00:00:00,2.4442204609099196,4.714261777712969
2023-01-05 01:00:00,4.454818206803253,6.708297200117064
2023-01-05 02:00:00,8.960167127081796,4.722282107140095
2023-01-05 03:00:00,6.106993988640301,8.825447878548047
2023-01-05 04:00:00,4.674885693447942,6.018818546047973
2023-01-05 05:00:00,3.9143630456223732,5.071719044285259
2023-01-05 06:00:00,10.075940126167097,9.621772359678145
2023-01-05 07:00:00,6.991881851795244,4.982095424176011
2023-01-05 08:00:00,11.953265067370817,8.872324533970222
2023-01-05 09:00:00,8.47674149472143,7.836496984798037
2023-01-05 10:00:00,9.173912033103266,7.279187421324322
2023-01-05 11:00:00,6.736378173631119,7.986050172400478
2023-01-05 12:00:00,5.121962406936159,3.5015841124634433
2023-01-05 13:00:00,2.8341026247214036,10.184105146198126
2023-01-05 14:00:00,4.816367650023894,7.960891159016827
2023-01-05 15:00:00,10.784101022321458,8.658119258644312
2023-01-05 16:00:00,5.126109417500203,8.412852988804385
2023-01-05 17:00:00,11.035768969294473,6.9377447707241515
2023-01-05 18:00:00,10.353540400961576,5.737454402295539
2023-01-05 19:00:00,6.07197244329905,5.46551735811888
2023-01-05 20:00:00,11.573703846026492,6.177552160568796
2023-01-05 21:00:00,6.796841912692408,11.381049797144037
2023-01-05 22:00:00,1.0494907665387119,9.985112826381467
2023-01-05 23:00:00,7.343639487016624,4.824772963505181
2023-01-06 00:00:00,2.162051096525092,4.747395990166611
2023-01-06 01:00:00,4.295283174420274,8.098073810176682
2023-01-06 02:00:00,9.787869168328003,8.293180359858876
2023-01-06 03:00:00,3.583704051065583,5.380089949763722
2023-01-06 04:00:00,13.453447519051704,6.855229782745204
2023-01-06 05:00:00,0.7948644745645452,7.69423785247511
2023-01-06 06:00:00,4.1428506848674145,3.749862082109712
2023-01-06 07:00:00,6.541225265896048,8.818171913515531
2023-01-06 08:00:00,7.641823013916416,4.161186369993087
2023-01-06 09:00:00,3.4080621841966483,6.994531627581937
2023-01-06 10:00:00,8.553051588643964,7.926106738211026
2023-01-06 11:00:00,14.521209069732501,4.367872717998553
2023-01-06 12:00:00,10.511850765408106,7.924262872066625
2023-01-06 13:00:00,2.6265941244199893,3.470781009934262
2023-01-06 14:00:00,12.533313149137369,3.406291739805526
2023-01-06 15:00:00,5.29204364506521,7.8616856671292386
2023-01-06 16:00:00,6.8120851632122035,9.230813512797836
2023-01-06 17:00:00,4.180705574727607,8.629007753893555
2023-01-06 18:00:00,2.34614326338236,4.523690220425001
2023-01-06 19:00:00,12.213321692964602,8.472758895253703
2023-01-06 20:00:00,7.8052282494781196,11.753379466314348
2023-01-06 21:00:00,3.0622106099641666,6.788527789400409
2023-01-06 22:00:00,2.555446843513418,6.030911138066577
2023-01-06 23:00:00,8.495616620181238,6.236922867860084
2023-01-07 00:00:00,2.3972544224693326,6.275794491270004
2023-01-07 01:00:00,3.161370719828597,8.4535801824921
2023-01-07 02:00:00,5.17023495668823,3.923924291785461
2023-01-07 03:00:00,2.942805411556594,8.70019175493746
2023-01-07 04:00:00,6.161030693332364,4.6054906648570615
2023-01-07 05:00:00,1.9032749487445624,9.94669190396573
2023-01-07 06:00:00,10.591175350237066,6.638678536381109
2023-01-07 07:00:00,4.1336257481046985,4.542002385738547
2023-01-07 08:00:00,2.8896670721325597,6.737910186837454
2023-01-07 09:00:00,8.875988031534213,7.890183195984324
2023-01-07 10:00:00,5.6504415080250485,4.096478060078118
2023-01-07 11:00:00,11.24512926209282,8.084835844397691
2023-01-07 12:00:00,0.9472404488684185,6.110694055171939
2023-01-07 13:00:00,1.332724820772444,3.7587011140249813
2023-01-07 14:00:00,5.721610192307075,6.560041388257874
2023-01-07 15:00:00,4.9303146001547695,3.443094978857155
2023-01-07 16:00:00,9.3183269114855,5.234391189700487
2023-01-07 17:00:00,3.1040052770338757,6.402836283906767
2023-01-07 18:00:00,4.17600112567864,5.145733207038117
2023-01-07 19:00:00,3.9231628380804255,5.1211250800199055
2023-01-07 20:00:00,5.759599801077878,10.176246507120787
2023-01-07 21:00:00,6.171914905392814,9.123047392029221
2023-01-07 22:00:00,2.4724090888890897,9.248098358956234
2023-01-07 23:00:00,1.1651298789138407,7.615061677152752
2023-01-08 00:00:00,4.704153603025136,9.708734265572797
2023-01-08 01:00:00,3.157961892282856,7.5320953732578655
2023-01-08 02:00:00,1.6154020300046132,10.348925005059979
2023-01-08 03:00:00,3.158977701048685,4.985071319724181
2023-01-08 04:00:00,4.702532305257502,5.382227522472227
2023-01-08 05:00:00,7.151182312486315,6.4508488621035704
2023-01-08 06:00:00,10.486846721654533,9.629022964134842
2023-01-08 07:00:00,6.7410569953725625,2.77242480743699
2023-01-08 08:00:00,4.391850222533561,3.239698714538428
2023-01-08 09:00:00,8.945048976490384,10.53689587009007
2023-01-08 10:00:00,6.082106058572345,6.235029194176764
2023-01-08 11:00:00,5.687781010747717,3.6575465194362535
2023-01-08 12:00:00,3.8428707596323974,5.834871521313602
2023-01-08 13:00:00,4.538383604483787,6.418277838728532
2023-01-08 14:00:00,3.819409821667324,4.847713294020515
2023-01-08 15:00:00,6.05916041456869,8.659844843792536
2023-01-08 16:00:00,5.331705663012729,8.165280574148131
2023-01-08 17:00:00,12.220970018538651,6.658288085045386
2023-01-08 18:00:00,5.470938774057946,9.742982018106101
2023-01-08 19:00:00,9.767543970752802,8.406365611255591
2023-01-08 20:00:00,11.57610087481146,6.995257175313576
2023-01-08 21:00:00,1.1764449002199848,9.01894264410618
2023-01-08 22:00:00,3.974852750491817,9.880952408130275
2023-01-08 23:00:00,3.019211592905667,6.684373999361748
2023-01-09 00:00:00,6.585216847817352,6.115746413799906
2023-01-09 01:00:00,7.281759919134309,9.408229514339691
2023-01-09 02:00:00,6.274213841207428,3.8019905878172793
2023-01-09 03:00:00,4.656184987559138,4.749094564593015
2023-01-09 04:00:00,9.283270627083471,7.550927709847408
2023-01-09 05:00:00,4.558360399013957,3.9187164194184123
2023-01-09 06:00:00,9.510943184223322,6.821357793154877
2023-01-09 07:00:00,7.193913684157054,7.229494353872989
2023-01-09 08:00:00,8.052097317738857,6.488093198413954
2023-01-09 09:00:00,11.937881475203136,7.850925484623036
2023-01-09 10:00:00,7.134132793539989,3.6073356507216823
2023-01-09 11:00:00,8.313286790076724,5.044928533590079
2023-01-09 12:00:00,16.910460298969873,3.3439941451411053
2023-01-09 13:00:00,1.9263062669207687,6.078322157765311
2023-01-09 14:00:00,5.490949360751823,4.9985572843896104
2023-01-09 15:00:00,4.319591097342025,6.518176021391038
2023-01-09 16:00:00,6.929665876483105,6.911551074064627
2023-01-09 17:00:00,10.400897598847598,7.947090289535432
2023-01-09 18:00:00,5.963662306380732,5.952183294464868
2023-01-09 19:00:00,4.502401340089142,8.735085140583152
2023-01-09 20:00:00,0.3886610155313512,6.60970370304284
2023-01-09 21:00:00,14.907526920764301,7.422551769508392
2023-01-09 22:00:00,9.535635344748314,8.271823078252242
2023-01-09 23:00:00,3.6787456245265373,8.161473276903655
2023-01-10 00:00:00,4.000323753665554,6.826092513372198
2023-01-10 01:00:00,5.020031583729274,5.776127892469821
2023-01-10 02:00:00,7.952877790191016,5.178851631914372
2023-01-10 03:00:00,2.284972310537232,6.36405619670468
2023-01-10 04:00:00,7.752896878209446,8.008064299737688
2023-01-10 05:00:00,4.446596548044358,5.594978197311584
2023-01-10 06:00:00,7.087118945961445,7.793331843950268
2023-01-10 07:00:00,9.203467426314187,10.152929925580668
2023-01-10 08:00:00,1.5893039032481076,9.223436435662808
2023-01-10 09:00:00,7.884284522708972,4.554780302025292
2023-01-10 10:00:00,1.2560775061156118,4.844550175998003
2023-01-10 11:00:00,1.7254111091695468,9.881279257520555
2023-01-10 12:00:00,1.5167659180973758,5.93380326099017
2023-01-10 13:00:00,11.884971333317681,5.75795591166344
2023-01-10 14:00:00,6.1647361840379515,12.940064516175525
2023-01-10 15:00:00,10.55565854985059,7.656839913481543
2023-01-10 16:00:00,10.755711825555242,5.669884400436528
2023-01-10 17:00:00,4.729285489930482,6.1533988945489035
2023-01-10 18:00:00,3.225370616746029,5.92458840698926
2023-01-10 19:00:00,7.17059125730645,8.847280865151316
2023-01-10 20:00:00,13.388044165576034,5.087089016806494
2023-01-10 21:00:00,8.213192112843409,6.423038099597067
2023-01-10 22:00:00,7.320624551717398,5.575358232550812
2023-01-10 23:00:00,9.363197007400077,5.7412128724718325
2023-01-11 00:00:00,7.066745327520751,6.3944103259828315
2023-01-11 01:00:00,2.970677106644834,7.637315003925407
2023-01-11 02:00:00,13.74075968853646,8.544414110056874
2023-01-11 03:00:00,1.3198165360325242,3.5274550661419286
2023-01-11 04:00:00,3.7773306305692698,4.492633754409937
2023-01-11 05:00:00,1.5888551754239226,10.701415154190528
2023-01-11 06:00:00,8.282749018571856,7.788977906612108
2023-01-11 07:00:00,10.934027475395668,6.498741798817082
2023-01-11 08:00:00,3.7511781520020246,6.474887890150858
2023-01-11 09:00:00,10.716330414649773,4.013491396811665
2023-01-11 10:00:00,9.068822663184259,6.849253633341451
2023-01-11 11:00:00,5.729408144952309,8.37341704846827
2023-01-11 12:00:00,3.5669047707905372,4.799546900277843
2023-01-11 13:00:00,7.629984673670967,6.031633725059732
2023-01-11 14:00:00,10.491929975111638,4.652594661411932
2023-01-11 15:00:00,4.111188390142296,8.405110540937859
2023-01-11 16:00:00,8.428746525728165,6.8526292546955485
2023-01-11 17:00:00,7.340422427455439,10.276487593921164
2023-01-11 18:00:00,7.362362248879403,9.50291845764714
2023-01-11 19:00:00,4.745850851924559,6.0374192403957965
2023-01-11 20:00:00,3.656599703220827,6.282713287948974
2023-01-11 21:00:00,2.3793448450960177,7.995388177104623
2023-01-11 22:00:00,6.7990525872433825,0.10995365819777003
2023-01-11 23:00:00,5.141330016167884,8.028317340553553
2023-01-12 00:00:00,2.8268228779550855,5.607498110667656
2023-01-12 01:00:00,1.3836230632158528,8.978949883245988
2023-01-12 02:00:00,1.552190158826848,6.282673105752532
2023-01-12 03:00:00,2.8636483250568956,9.410670999416327
2023-01-12 04:00:00,4.407570086430939,7.975288731951654
2023-01-12 05:00:00,5.329000317423752,4.8546360603227505
2023-01-12 06:00:00,5.499895072398812,8.552107225295712
2023-01-12 07:00:00,2.4583063562810485,3.0204082286994884
2023-01-12 08:00:00,11.620610185300373,4.987919426860115
2023-01-12 09:00:00,4.316092310870525,9.168347390130268
2023-01-12 10:00:00,4.405243152505728,10.460292007458166
2023-01-12 11:00:00,6.321361549047377,4.680574612879321
2023-01-12 12:00:00,6.762832328627375,7.685378931724715
2023-01-12 13:00:00,8.956261387406611,6.736983905809991
2023-01-12 14:00:00,5.855333065130695,10.43603179177617
2023-01-12 15:00:00,10.21567329454058,9.787523853822371
2023-01-12 16:00:00,11.21905558497263,3.6313336523238426
2023-01-12 17:00:00,4.798208919192713,4.245207392790267
2023-01-12 18:00:00,2.149361256003687,7.318322133756282
2023-01-12 19:00:00,4.970243858039217,3.3901651035695957
2023-01-12 20:00:00,6.859819784587852,7.535833454426972
2023-01-12 21:00:00,7.594204593565572,5.135916589784949
2023-01-12 22:00:00,6.826992302821032,6.777542151238072
2023-01-12 23:00:00,5.756089597575308,5.172512596799093
2023-01-13 00:00:00,5.018608084199524,3.0813395779395574
2023-01-13 01:00:00,13.446212143719308,5.355952232602688
2023-01-13 02:00:00,8.839738688529305,4.574114233686627
2023-01-13 03:00:00,7.249909080510483,6.817682206485838
2023-01-13 04:00:00,12.15315551511257,7.408099199881629
2023-01-13 05:00:00,10.38571913399117,11.23546487165946
2023-01-13 06:00:00,5.461687578833751,4.712790899666188
2023-01-13 07:00:00,7.275627387282212,6.53393038317833
2023-01-13 08:00:00,3.4027948142261124,8.879216460002318
2023-01-13 09:00:00,3.9980598875294753,6.63286122342816
2023-01-13 10:00:00,2.275401665900861,5.185704262080563
2023-01-13 11:00:00,6.130180031686164,7.856719395429413
2023-01-13 12:00:00,6.512138850982428,7.1350340861608865
2023-01-13 13:00:00,0.7222368929971081,6.1279384041622915
2023-01-13 14:00:00,10.913133533526599,8.487123649817178
2023-01-13 15:00:00,3.549631971289252,3.710248576432807
2023-01-13 16:00:00,6.124019147435707,8.845485551910453
2023-01-13 17:00:00,3.830079707227656,6.3342085174979665
2023-01-13 18:00:00,6.34308525960826,8.106130985442935
2023-01-13 19:00:00,8.000247670634689,7.8206771429611415
2023-01-13 20:00:00,3.353989815436583,6.813806946690772
2023-01-13 21:00:00,5.7553962474649785,5.744164936655029
2023-01-13 22:00:00,3.7024750778885,5.3528282900738
2023-01-13 23:00:00,6.703600480950463,6.633886642793967
2023-01-14 00:00:00,9.430887625437327,7.490624497695215
2023-01-14 01:00:00,3.3734813214536716,5.361233531632359
2023-01-14 02:00:00,6.480801634037089,5.774199935324624
2023-01-14 03:00:00,6.759132268088284,6.979889782636315
2023-01-14 04:00:00,6.133395042412789,7.276481135748756
2023-01-14 05:00:00,9.08788570119366,6.632298644743529
2023-01-14 06:00:00,1.9294517118823755,8.805069429146247
2023-01-14 07:00:00,10.691007508307424,9.138668510232591
2023-01-14 08:00:00,10.881808536091608,11.366464230898325
2023-01-14 09:00:00,6.882315029817071,8.936288437193472
2023-01-14 10:00:00,5.466776597220554,7.982157639015077
2023-01-14 11:00:00,6.579369097733011,6.97711048209582
2023-01-14 12:00:00,8.774608947143113,12.128744952320117
2023-01-14 13:00:00,7.316750563404599,6.908446378942949
2023-01-14 14:00:00,7.032424198930288,3.758084462046606
2023-01-14 15:00:00,8.132441012663639,7.00333405388542
2023-01-14 16:00:00,8.987328853749238,10.43624432350058
2023-01-14 17:00:00,5.577750198525356,8.73635728574553
2023-01-14 18:00:00,3.704955830876523,7.850342523086066
2023-01-14 19:00:00,9.557537156915433,7.064256304753824
2023-01-14 20:00:00,7.170929651741662,7.623676906781968
2023-01-14 21:00:00,7.311249822367476,4.632187479604557
2023-01-14 22:00:00,3.0222640305280777,4.485585939962648
2023-01-14 23:00:00,7.4802963659344,6.918554396940907
2023-01-15 00:00:00,4.216556669471612,3.4279410823331506
2023-01-15 01:00:00,7.17641335332353,10.04094924828647
2023-01-15 02:00:00,1.6776960299879604,9.07958700459345
2023-01-15 03:00:00,4.63544350031353,4.905995704320811
2023-01-15 04:00:00,7.199249863701965,9.181557427288817
2023-01-15 05:00:00,3.714822037110956,8.679052229935902
2023-01-15 06:00:00,5.28125524660405,7.691082984777968
2023-01-15 07:00:00,6.205638284897885,6.025238773388293
2023-01-15 08:00:00,8.413708274182758,3.5935637839356875
2023-01-15 09:00:00,4.601528748527316,11.77982977342514
2023-01-15 10:00:00,5.811202800424647,6.311268058565486
2023-01-15 11:00:00,0.6784984610503678,5.098054739231242
2023-01-15 12:00:00,3.804906512880442,8.578279411320075
2023-01-15 13:00:00,8.157766079305622,5.644333906980655
2023-01-15 14:00:00,7.560344634233717,7.28185491864348
2023-01-15 15:00:00,4.380056530808591,6.080428665235609
2023-01-15 16:00:00,10.157406075807273,5.785296090490062
2023-01-15 17:00:00,10.482138432654724,5.794699670159472
2023-01-15 18:00:00,10.502080657948056,9.72307844410087
2023-01-15 19:00:00,5.928727190488993,8.23432189078645
2023-01-15 20:00:00,5.092051664746032,8.379260619773206
2023-01-15 21:00:00,8.198022173029385,7.151516034547745
2023-01-15 22:00:00,4.1284924360293145,6.8813551712755165
2023-01-15 23:00:00,7.912253641358216,6.913551398939801
2023-01-16 00:00:00,4.978167816770319,2.307607754139611
2023-01-16 01:00:00,3.3739958752792245,2.936019337326508
2023-01-16 02:00:00,9.81520007065307,4.574203285210645
2023-01-16 03:00:00,4.827361708973472,8.574906257749978
2023-01-16 04:00:00,1.7597111528203868,5.046098878462607
2023-01-16 05:00:00,6.86665841792507,9.318322295391116
2023-01-16 06:00:00,8.066815479453721,7.815079590642005
2023-01-16 07:00:00,5.0128628318196515,4.786594525774538
2023-01-16 08:00:00,5.383133197049373,8.661991581671368
2023-01-16 09:00:00,1.6501881357471075,7.383380100470865
2023-01-16 10:00:00,9.22855719432068,8.922902585257047
2023-01-16 11:00:00,3.8492779323932003,7.9344373476433505
2023-01-16 12:00:00,5.799931338049453,5.897058194127773
2023-01-16 13:00:00,8.137185877172557,10.681958313567135
2023-01-16 14:00:00,11.52425634097917,7.444274990183334
2023-01-16 15:00:00,9.10995145884408,6.262407255524057
2023-01-16 16:00:00,3.0707628662622395,9.469285992932468
2023-01-16 17:00:00,7.570876089287545,8.397803771119664
2023-01-16 18:00:00,2.555869482156801,4.32411053531295
2023-01-16 19:00:00,5.3076452631931215,9.057082989644295
2023-01-16 20:00:00,4.418628722682728,7.204514880466299
2023-01-16 21:00:00,4.341198272672296,5.641014583067074
2023-01-16 22:00:00,2.8914919334295544,6.8389087241672035
2023-01-16 23:00:00,2.5403710350286928,10.473126829253866
2023-01-17 00:00:00,1.3860939034033062,10.679157844522996
2023-01-17 01:00:00,4.799628136334467,5.558408391021629
2023-01-17 02:00:00,5.6441715222920745,8.159859371515537
2023-01-17 03:00:00,7.774190429473513,5.887691177051014
2023-01-17 04:00:00,4.536139371029451,8.51598039638957
2023-01-17 05:00:00,17.754692171079224,8.299224147255007
2023-01-17 06:00:00,5.97156437529717,9.845749767027947
2023-01-17 07:00:00,12.332274432464716,5.809407485779868
2023-01-17 08:00:00,12.102661884073125,7.008958249497646
2023-01-17 09:00:00,2.225533815329948,6.2514801332234065
2023-01-17 10:00:00,5.604283159002943,6.43487965902263
2023-01-17 11:00:00,2.3588242957189824,8.290823017404854
2023-01-17 12:00:00,8.906386606188931,9.324675388981206
2023-01-17 13:00:00,7.294677709869468,6.149732894972561
2023-01-17 14:00:00,4.622651731379899,7.283751117296273
2023-01-17 15:00:00,6.62481600559103,6.967188646568389
2023-01-17 16:00:00,7.483502368984904,5.645416302593415
2023-01-17 17:00:00,12.052000254565197,4.997644361985817
2023-01-17 18:00:00,10.980438270045719,10.555964660826353
2023-01-17 19:00:00,2.2149372891583194,9.09331803769278
2023-01-17 20:00:00,3.3821889848356776,8.201199715316319
2023-01-17 21:00:00,5.217998191861451,8.554398204721357
2023-01-17 22:00:00,5.981062309969094,5.495170138111403
2023-01-17 23:00:00,2.8293628762128247,8.030036249819476
2023-01-18 00:00:00,6.632717932287741,5.161877699054966
2023-01-18 01:00:00,18.829335027170796,7.129378871739036
2023-01-18 02:00:00,8.850950982126745,5.513256733248807
2023-01-18 03:00:00,12.969855577304306,4.899074335685693
2023-01-18 04:00:00,3.197229455132697,9.404883162866351
2023-01-18 05:00:00,7.2109863095198525,7.031728317134512
2023-01-18 06:00:00,3.4945886467036456,9.864410734880863
2023-01-18 07:00:00,7.456314603115482,10.67961394853601
2023-01-18 08:00:00,7.7630488806442814,7.154231979347786
2023-01-18 09:00:00,2.4593103798374862,5.076404971190081
2023-01-18 10:00:00,0.6514459728935881,5.272158422680162
2023-01-18 11:00:00,12.620653946003198,5.5265557813499635
2023-01-18 12:00:00,5.065283068987632,5.7084318286265905
2023-01-18 13:00:00,1.7467689847887824,5.167744452327854
2023-01-18 14:00:00,4.10333279859247,5.560098525596569
2023-01-18 15:00:00,12.076585258854617,8.131030228970365
2023-01-18 16:00:00,7.090302308459908,7.408124795226919
2023-01-18 17:00:00,4.289079004689316,4.270040958261891
2023-01-18 18:00:00,2.3895148663137054,7.468055751451482
2023-01-18 19:00:00,6.523865184009344,5.1674906316958165
2023-01-18 20:00:00,9.511690442707222,5.296958582524387
2023-01-18 21:00:00,5.00499336186006,7.3147277036587415
2023-01-18 22:00:00,6.536754401440008,6.6278552472659715
2023-01-18 23:00:00,9.757898546531802,10.994412880521345
2023-01-19 00:00:00,3.7204134268926934,2.9359244223416887
2023-01-19 01:00:00,4.445175404419996,8.94270775114168
2023-01-19 02:00:00,0.40633822528403735,7.258536109881782
2023-01-19 03:00:00,2.9447104424027666,6.176295081734671
2023-01-19 04:00:00,9.141356131084759,7.453386192080943
2023-01-19 05:00:00,1.1715320858779374,4.722558537824121
2023-01-19 06:00:00,2.8594778788644533,4.988133936262545
2023-01-19 07:00:00,0.8148493723515621,1.9516680312682189
2023-01-19 08:00:00,9.188851820495081,7.33467959130799
2023-01-19 09:00:00,1.3138417487033127,7.7647054851021124
2023-01-19 10:00:00,8.453334589421688,7.343487225578914
2023-01-19 11:00:00,4.4166843465472345,10.403277289497293
2023-01-19 12:00:00,2.5429816139428074,7.328967375503991
2023-01-19 13:00:00,4.705781129260923,10.574503476515668
2023-01-19 14:00:00,7.210138297085256,5.087751985115803
2023-01-19 15:00:00,5.712382834525996,8.177503852464318
2023-01-19 16:00:00,5.012827179241917,8.109427067589618
2023-01-19 17:00:00,2.613485214564342,6.143558398483736
2023-01-19 18:00:00,4.889251982486956,3.0304622351336423
2023-01-19 19:00:00,7.745731626312598,13.102473753121735
2023-01-19 20:00:00,7.747390025530166,5.054247659312284
2023-01-19 21:00:00,7.735819935863415,11.49287679016696
2023-01-19 22:00:00,8.778338772694262,7.401971227375044
2023-01-19 23:00:00,8.813346976977023,8.461834738937767
2023-01-20 00:00:00,6.611195042379149,5.934976659513205
2023-01-20 01:00:00,4.533530764500023,5.590417450619169
2023-01-20 02:00:00,10.955319725040997,10.200663209801554
2023-01-20 03:00:00,0.9880253284803318,9.8733950088145
2023-01-20 04:00:00,4.917474646584508,7.237949531328899
2023-01-20 05:00:00,10.05489656742808,6.376138293222249
2023-01-20 06:00:00,3.8028469946820214,5.870990289396989
2023-01-20 07:00:00,2.504875125030677,7.101678238325507
2023-01-20 08:00:00,2.8079056015390655,7.661450118606313
2023-01-20 09:00:00,7.604368086884051,4.850498814051807
2023-01-20 10:00:00,2.116745093042929,7.900190215172949
2023-01-20 11:00:00,6.900159349714926,8.486574017728941
2023-01-20 12:00:00,2.3075753390703144,6.938042029595331
2023-01-20 13:00:00,8.197185725759482,7.11719681471071
2023-01-20 14:00:00,14.409579889002334,12.811071247739381
2023-01-20 15:00:00,6.442765186780554,2.518428880885927
2023-01-20 16:00:00,6.123540429180241,8.064082363294705
2023-01-20 17:00:00,8.489061398394508,5.71804687640899
2023-01-20 18:00:00,4.685004093706759,7.831765310447847
2023-01-20 19:00:00,10.761821369188903,5.05207920320476
2023-01-20 20:00:00,3.7062005501353656,9.249369327758961
2023-01-20 21:00:00,2.83545611862996,7.021528073575058
2023-01-20 22:00:00,1.9277268786650135,4.49327426943369
2023-01-20 23:00:00,5.371754291320341,10.086695548260563
2023-01-21 00:00:00,1.8294545673054923,7.102524795445787
2023-01-21 01:00:00,3.624125113553056,6.625380634718598
2023-01-21 02:00:00,8.52531769928219,5.4144522477558
2023-01-21 03:00:00,2.9091273742139445,8.581828269744403
2023-01-21 04:00:00,9.077332459226948,5.6373045827136785
2023-01-21 05:00:00,3.8666650025357776,6.2847230283757005
2023-01-21 06:00:00,3.3510683367583924,9.178255660397577
2023-01-21 07:00:00,1.9748509792139648,7.404627712856305
2023-01-21 08:00:00,11.23649455891116,7.665999810752672
2023-01-21 09:00:00,5.683155958343433,8.093648646896874
2023-01-21 10:00:00,2.3598578396292638,8.907055176004384
2023-01-21 11:00:00,7.638449820801158,5.615389041967456
2023-01-21 12:00:00,5.38425010120014,5.765352405199074
2023-01-21 13:00:00,7.433726734151388,7.010431841791279
2023-01-21 14:00:00,4.8960563659121865,7.967854143712272
2023-01-21 15:00:00,5.380501681215817,5.478237037993903
2023-01-21 16:00:00,10.703981646287998,6.621728761775597
2023-01-21 17:00:00,3.6100541721163637,9.66769772164986
2023-01-21 18:00:00,10.869951184228778,9.342100505486771
2023-01-21 19:00:00,5.729022387670258,8.390768397007857
2023-01-21 20:00:00,2.984038060144147,7.124554490537153
2023-01-21 21:00:00,1.855511178663098,9.7996279426436
2023-01-21 22:00:00,2.4497338328545513,4.963640864356206
2023-01-21 23:00:00,5.165332871191164,9.589316887490966
2023-01-22 00:00:00,12.73570663381278,6.131447684138482
2023-01-22 01:00:00,5.097809684399784,7.69378720040491
2023-01-22 02:00:00,0.7367234669468755,5.914422097918008
2023-01-22 03:00:00,0.8334853638729981,8.015744318599067
2023-01-22 04:00:00,5.51112820384585,6.73743480097787
2023-01-22 05:00:00,5.452781150232592,3.0363999456762625
2023-01-22 06:00:00,6.097845984769596,6.252468041388883
2023-01-22 07:00:00,9.022614473387822,6.107419152730187
2023-01-22 08:00:00,7.60050186285463,11.094027852047015
2023-01-22 09:00:00,2.3668206232821936,7.452105424634393
2023-01-22 10:00:00,5.326156492415363,9.097010567318994
2023-01-22 11:00:00,9.137992650218251,7.099861033552142
2023-01-22 12:00:00,7.199255964282511,9.176041150647325
2023-01-22 13:00:00,8.18157902698573,6.704433399619428
2023-01-22 14:00:00,5.200892166448963,10.613351505833766
2023-01-22 15:00:00,3.43743579303508,6.404283825705574
2023-01-22 16:00:00,2.3393759513711543,12.397407779915817
2023-01-22 17:00:00,8.438923021937764,5.843662931868618
2023-01-22 18:00:00,9.47687185574368,6.021497200601165
2023-01-22 19:00:00,3.197786557529982,7.864910939949067
2023-01-22 20:00:00,5.5340744349986135,5.811390015172231
2023-01-22 21:00:00,5.995075865365264,7.639717209897894
2023-01-22 22:00:00,7.781939631405946,9.013247375882349
2023-01-22 23:00:00,6.5761648697061945,10.110177678418902
2023-01-23 00:00:00,9.068997639157525,4.371570172201129
2023-01-23 01:00:00,6.1980126299205525,5.475509147330656
2023-01-23 02:00:00,5.374184766079659,5.442098218063883
2023-01-23 03:00:00,0.8518144714814794,7.609384370664649
2023-01-23 04:00:00,10.897011057939226,6.625988677475279
2023-01-23 05:00:00,2.1642116670571974,8.646498933776275
2023-01-23 06:00:00,3.1790545892360274,7.8907557573190354
2023-01-23 07:00:00,10.015709880579664,8.553915327145797
2023-01-23 08:00:00,4.599838795224999,3.1999235114168023
2023-01-23 09:00:00,4.782208596612649,9.374281227468655
2023-01-23 10:00:00,3.3454430933927517,3.8790253934558243
2023-01-23 11:00:00,3.8070114727819697,9.590869577983998
2023-01-23 12:00:00,5.8750351546183985,4.327791091108784
2023-01-23 13:00:00,8.074556876305794,4.732063988912333
2023-01-23 14:00:00,4.284945232036348,6.261930602536798
2023-01-23 15:00:00,11.204668643917946,3.96603130024325
2023-01-23 16:00:00,5.082805846671106,6.7861448625081175
2023-01-23 17:00:00,2.5345485120434965,8.667953867183533
2023-01-23 18:00:00,2.218072008691548,8.115247976252885
2023-01-23 19:00:00,3.9641393960399247,6.653172540014628
2023-01-23 20:00:00,7.192496134934736,9.413973849273976
2023-01-23 21:00:00,2.825892021928931,5.152021868170664
2023-01-23 22:00:00,9.951885370542612,1.0692127365980353
2023-01-23 23:00:00,13.775955977455224,7.320125998584794
2023-01-24 00:00:00,11.14798175586047,6.038369413293581
2023-01-24 01:00:00,9.317513911515075,6.237316495003208
2023-01-24 02:00:00,7.160556029712746,6.84823102338012
2023-01-24 03:00:00,5.63514387253522,6.488711265468143
2023-01-24 04:00:00,7.019557023138838,9.049670760664144
2023-01-24 05:00:00,2.290250699222433,8.063110745283385
2023-01-24 06:00:00,2.225280872683422,5.800074598396733
2023-01-24 07:00:00,10.838685178089213,9.293254000876765
2023-01-24 08:00:00,8.432269118483607,9.468433262007556
2023-01-24 09:00:00,3.6736987597099313,5.5687159266857975
2023-01-24 10:00:00,6.946733680773486,6.086826036099952
2023-01-24 11:00:00,3.8453159040173763,5.8997694164880725
2023-01-24 12:00:00,6.974236724298636,5.784693602295999
2023-01-24 13:00:00,9.293117900352128,7.164592604977517
2023-01-24 14:00:00,10.70760508724795,6.8887453305651585
2023-01-24 15:00:00,12.30837983623609,4.909829789826357
2023-01-24 16:00:00,6.39843840134394,9.222039414340433
2023-01-24 17:00:00,5.630995770802909,7.325724727960125
2023-01-24 18:00:00,12.116380862919353,8.401483958516291
2023-01-24 19:00:00,5.911666912406988,4.0720138152719585
2023-01-24 20:00:00,4.696166618256745,9.74767918572731
2023-01-24 21:00:00,5.07570684884168,5.642224220228201
2023-01-24 22:00:00,6.818302210837523,8.437063035995141
2023-01-24 23:00:00,4.041896995437318,6.151095777163853
2023-01-25 00:00:00,9.189308415025305,1.1696052693679446
2023-01-25 01:00:00,2.3145752341448893,5.40860578660882
2023-01-25 02:00:00,9.492432306556172,5.39908249848496
2023-01-25 03:00:00,9.436096472764437,8.713277276107224
2023-01-25 04:00:00,3.2562223267607755,5.422860784000395
2023-01-25 05:00:00,6.852677489720972,4.3863095019466005
2023-01-25 06:00:00,4.71203076461032,7.96487240473598
2023-01-25 07:00:00,5.070962517840513,5.356669463937065
2023-01-25 08:00:00,2.288728498125442,8.10778696680537
2023-01-25 09:00:00,3.1134343151850676,5.306294795230635
2023-01-25 10:00:00,8.952209296605051,5.9127054465080455
2023-01-25 11:00:00,7.594262178330045,6.126774686578668
2023-01-25 12:00:00,3.667178723450219,4.3845943081634715
2023-01-25 13:00:00,4.219528391854311,5.893316785354713
2023-01-25 14:00:00,4.6264500134066155,7.132364538426973
2023-01-25 15:00:00,4.98008530638059,7.933861130143837
2023-01-25 16:00:00,9.08368708344067,6.955768186374238
2023-01-25 17:00:00,11.703955582237093,10.100908640720561
2023-01-25 18:00:00,10.594761066742429,7.021310330714795
2023-01-25 19:00:00,4.7821449342474045,9.30125948305379
2023-01-25 20:00:00,4.724411552592704,7.184741572872677
2023-01-25 21:00:00,2.6944053345253547,9.446102625695458
2023-01-25 22:00:00,7.8871211211992005,4.506947602466964
2023-01-25 23:00:00,3.102272449913455,5.781882196276853
2023-01-26 00:00:00,2.261301021408076,7.261752985134996
2023-01-26 01:00:00,3.148052549877871,4.715116638323256
2023-01-26 02:00:00,9.551556000024453,7.440658628618146
2023-01-26 03:00:00,5.985288973158219,9.48558498624028
2023-01-26 04:00:00,5.931330037095096,7.2576176442497955
2023-01-26 05:00:00,8.027477438822126,4.114199558382987
2023-01-26 06:00:00,15.944525370164838,9.38903457556621
2023-01-26 07:00:00,6.276332349460659,2.918964338197963
2023-01-26 08:00:00,5.3089751769781115,3.872987352211354
2023-01-26 09:00:00,5.5518264945450175,8.078828210987595
2023-01-26 10:00:00,5.304114101311891,5.906882632453429
2023-01-26 11:00:00,6.704421915074468,7.858553079555714
2023-01-26 12:00:00,6.848488594227268,6.210098932584193
2023-01-26 13:00:00,3.1633779548299246,3.851482090099343
2023-01-26 14:00:00,5.956305775284013,10.660323412049006
2023-01-26 15:00:00,5.389678031829895,8.230049758814307
2023-01-26 16:00:00,4.838422747877155,7.598262873718637
2023-01-26 17:00:00,4.632098517193133,7.8208867614210735
2023-01-26 18:00:00,6.552639136113904,10.54317329241952
2023-01-26 19:00:00,4.7867958223529765,6.68303564010786
2023-01-26 20:00:00,6.149010259926494,4.406132050321615
2023-01-26 21:00:00,10.337758996513355,7.442244631797014
2023-01-26 22:00:00,5.828361666721478,4.295332422260662
2023-01-26 23:00:00,8.99169633392406,6.870104679038521
2023-01-27 00:00:00,4.402245592345334,5.663996618523093
2023-01-27 01:00:00,2.029959914778093,10.406373954653514
2023-01-27 02:00:00,3.1962868433486817,6.265285900675141
2023-01-27 03:00:00,9.137958054469962,9.568572305701547
2023-01-27 04:00:00,5.01246900908967,2.601458045480406
2023-01-27 05:00:00,6.613882845638324,7.395008449030871
2023-01-27 06:00:00,8.363757811358763,7.41974428156869
2023-01-27 07:00:00,8.82326922046451,4.330302104926009
2023-01-27 08:00:00,4.551364863368294,3.7712731046805756
2023-01-27 09:00:00,5.259848088443432,5.997289558102406
2023-01-27 10:00:00,4.51521011022576,7.253673767371496
2023-01-27 11:00:00,10.311512261258503,7.089703714323579
2023-01-27 12:00:00,6.014025201428967,9.917451349038565
2023-01-27 13:00:00,12.00776491652902,6.859419358532284
2023-01-27 14:00:00,6.586937868059574,6.465980472359439
2023-01-27 15:00:00,1.9986711867001916,7.070295647061558
2023-01-27 16:00:00,5.019731102324286,7.67656154062116
2023-01-27 17:00:00,11.389439302590766,7.675103274878533
2023-01-27 18:00:00,9.391328108248379,7.492165410432571
2023-01-27 19:00:00,2.145562183471726,9.274347651720586
2023-01-27 20:00:00,10.98770485942463,8.96549670456873
2023-01-27 21:00:00,3.23456981951346,6.6567684193328045
2023-01-27 22:00:00,5.774664805150782,6.957971816355332
2023-01-27 23:00:00,2.8721100255306675,7.305203748848277
2023-01-28 00:00:00,2.8700804755367053,6.091254155232565
2023-01-28 01:00:00,5.224299385743334,5.7609162996359435
2023-01-28 02:00:00,5.751483924244708,4.312578536108749
2023-01-28 03:00:00,4.780562239951015,7.385614323500539
2023-01-28 04:00:00,4.995290091288824,5.735349048181634
2023-01-28 05:00:00,8.435519867849477,6.154425992552902
2023-01-28 06:00:00,12.532677241421963,5.188850277046162
2023-01-28 07:00:00,2.740909280209307,8.409804091328464
2023-01-28 08:00:00,6.576133311283281,9.899517805039803
2023-01-28 09:00:00,3.6873371554463854,6.511891064081168
2023-01-28 10:00:00,10.012144960545632,7.1034662891166525
2023-01-28 11:00:00,15.18383836712367,9.286979660156458
2023-01-28 12:00:00,8.358843446192036,6.891706418998977
2023-01-28 13:00:00,2.808766672289781,8.744358646367838
2023-01-28 14:00:00,6.87520417750253,7.277889196216082
2023-01-28 15:00:00,8.395046352435083,4.8001636077185434
2023-01-28 16:00:00,13.761170028879807,7.129079884078466
2023-01-28 17:00:00,4.23262554230916,7.031173844186791
2023-01-28 18:00:00,7.174382382241819,10.07583152378326
2023-01-28 19:00:00,3.745006893471814,7.3645022727902205
2023-01-28 20:00:00,1.255884545120238,8.362960563977667
2023-01-28 21:00:00,4.266731442038456,9.279958301853846
2023-01-28 22:00:00,6.465490573462782,7.438456118485596
2023-01-28 23:00:00,9.833591164847737,4.308651559533587
2023-01-29 00:00:00,8.471373233981621,7.61070433576848
2023-01-29 01:00:00,7.254319592320124,10.176534503654164
2023-01-29 02:00:00,1.7647553700071796,7.503535062836193
2023-01-29 03:00:00,9.693661086093018,7.775220575832112
2023-01-29 04:00:00,4.027438860793344,6.063923739475962
2023-01-29 05:00:00,4.772394315167469,5.870544396739181
2023-01-29 06:00:00,4.827567700574052,5.995974735728876
2023-01-29 07:00:00,12.745785696102708,5.114468945380326
2023-01-29 08:00:00,4.6391191564622085,8.079076046604927
2023-01-29 09:00:00,1.5287698292141736,8.136640688260089
2023-01-29 10:00:00,6.218433511555619,5.95136128457912
2023-01-29 11:00:00,6.061807787941775,6.411645874100047
2023-01-29 12:00:00,9.109563627601567,7.834322900475334
2023-01-29 13:00:00,3.126470671240237,7.829694318177619
2023-01-29 14:00:00,8.241184646383704,9.13830539246042
2023-01-29 15:00:00,5.601901873488026,6.945019616730057
2023-01-29 16:00:00,1.9519743528401274,6.198937903398109
2023-01-29 17:00:00,7.5000261880239245,9.808927486509262
2023-01-29 18:00:00,0.28407077907026357,8.005686114483531
2023-01-29 19:00:00,10.634032291724521,6.429013373522323
2023-01-29 20:00:00,2.302511603864764,6.503391385040004
2023-01-29 21:00:00,4.538126185471786,1.487389454333
2023-01-29 22:00:00,10.924419896925961,7.31894372513392
2023-01-29 23:00:00,5.149279610069661,6.67900266216609
2023-01-30 00:00:00,2.131221682159103,7.178277650150938
2023-01-30 01:00:00,8.34167724640773,7.203127538146189
2023-01-30 02:00:00,6.562732468879096,5.577121932055756
2023-01-30 03:00:00,3.062561249437597,3.790055319563837
2023-01-30 04:00:00,0.8017161228537751,4.9932728734949805
2023-01-30 05:00:00,7.156759683629247,8.029161309109943
2023-01-30 06:00:00,6.636761858906775,7.0018606458087405
2023-01-30 07:00:00,5.376361030427791,6.359662430919835
2023-01-30 08:00:00,10.352383695448502,8.430375868440395
2023-01-30 09:00:00,6.745040358228691,7.4318816079349155
2023-01-30 10:00:00,2.7552186850814273,8.781973952543824
2023-01-30 11:00:00,5.553252683507267,5.142888565593536
2023-01-30 12:00:00,4.14705743993189,6.337730536235502
2023-01-30 13:00:00,3.938703842419212,3.9118781528958197
2023-01-30 14:00:00,2.3478837350140345,6.914820748050821
2023-01-30 15:00:00,8.389308694483956,6.3665757464077695
2023-01-30 16:00:00,5.498811498135117,7.4291912250855106
2023-01-30 17:00:00,1.9536873203497476,8.851454140564051
2023-01-30 18:00:00,15.530133406115265,6.191878453935203
2023-01-30 19:00:00,11.040724740450827,6.746343508357708
2023-01-30 20:00:00,7.429675266074448,5.318877962968184
2023-01-30 21:00:00,3.3812007592461097,8.987159860849484
2023-01-30 22:00:00,4.438849509224038,10.771493427246938
2023-01-30 23:00:00,4.699212153584552,6.917434666477605
